Wall time,Step,ep_len_mean,ep_rew_mean
1679797473.63459,2048,671,-526.408020019531
1679797503.28279,6144,798,-438.309143066406
1679797517.79534,8192,1238.80004882813,80.3767471313477
1679797532.32228,10240,1532.66662597656,430.561645507813
1679797575.68176,16384,1765.625,637.593078613281
1679797604.63397,20480,2012.90002441406,962.483093261719
1679797618.7177,22528,2012.90002441406,962.483093261719
1679797633.4313,24576,2102.81811523437,1075.75378417969
1679797676.557,30720,2241.15380859375,1249.41125488281
1679797690.98407,32768,2295.5,1329.94848632813
1679797704.86754,34816,2295.5,1329.94848632813
1679797719.31635,36864,2342.60009765625,1391.83520507813
1679797733.79863,38912,2383.8125,1443.81665039063
1679797748.35345,40960,2383.8125,1443.81665039063
1679797762.95457,43008,2420.17651367187,1492.64318847656
1679797777.39658,45056,2452.5,1531.59045410156
1679797791.41459,47104,2452.5,1531.59045410156
1679797806.06963,49152,2481.42114257812,1577.52136230469
1679797835.54593,53248,2531,1662.73059082031
1679797849.6076,55296,2531,1662.73059082031
1679797864.39952,57344,2552.4091796875,1691.93994140625
1679797879.45644,59392,2571.95654296875,1711.39392089844
1679797893.65409,61440,2571.95654296875,1711.39392089844
1679797908.80543,63488,2528.8798828125,1649.33679199219
1679797923.01949,65536,2528.8798828125,1649.33679199219
1679797937.59083,67584,2547.07690429687,1667.88879394531
1679797952.10805,69632,2563.92602539062,1686.47631835938
1679797966.09023,71680,2563.92602539062,1686.47631835938
1679797995.48975,75776,2594.13793945312,1722.74194335938
1679798009.87578,77824,2594.13793945312,1722.74194335938
1679798024.61785,79872,2607.7333984375,1742.35778808594
1679798039.67717,81920,2620.45166015625,1761.36535644531
1679798053.96109,83968,2620.45166015625,1761.36535644531
1679798083.18769,88064,2643.57568359375,1799.83447265625
1679798097.14467,90112,2643.57568359375,1799.83447265625
1679798142.97091,96256,2406.10009765625,1505.23986816406
1679798157.41989,98304,2374.09765625,1464.13171386719
1679798172.47917,100352,2314.02319335937,1387.318359375
1679798187.14099,102400,2291.20458984375,1355.53515625
1679798202.20285,104448,2268.69555664062,1310.93933105469
1679798216.77816,106496,2245.12768554687,1279.83996582031
1679798231.21897,108544,2225.08325195313,1251.97985839844
1679798245.73557,110592,2228.95922851562,1243.73596191406
1679798260.59397,112640,2232.69995117187,1234.43029785156
1679798276.05482,114688,2247.78442382812,1254.90063476563
1679798304.9425,118784,2262.28857421875,1272.86206054688
1679798320.38292,120832,2235.74072265625,1229.19653320313
1679798349.36172,124928,2227.94555664063,1211.96166992188
1679798365.67126,126976,2221.19287109375,1185.61364746094
1679798380.53246,129024,2216.06884765625,1171.79858398438
1679798395.52095,131072,2193.03393554687,1145.67077636719
1679798424.46082,135168,2206.5166015625,1163.27233886719
1679798439.59105,137216,2208.935546875,1162.91296386719
1679798453.65974,139264,2208.935546875,1162.91296386719
1679798468.3158,141312,2221.52392578125,1179.23095703125
1679798496.98707,145408,2233.71875,1195.13781738281
1679798511.32329,147456,2245.53857421875,1211.62902832031
1679798525.69661,149504,2257,1230.08935546875
1679798539.52044,151552,2257,1230.08935546875
1679798568.79703,155648,2278.91186523438,1268.76000976563
1679798583.44609,157696,2275.20288085937,1259.78405761719
1679798598.08486,159744,2266.51440429687,1246.31579589844
1679798612.6567,161792,2255.25341796875,1231.06994628906
1679798627.53107,163840,2255.70825195312,1225.54052734375
1679798641.88833,165888,2250.38354492187,1215.50549316406
1679798656.78775,167936,2255.01342773437,1214.05187988281
1679798671.24425,169984,2257.81323242188,1210.779296875
1679798685.32603,172032,2257.81323242188,1210.779296875
1679798699.81641,174080,2267.60522460938,1226.40124511719
1679798714.49402,176128,2277.14282226562,1242.51391601563
1679798728.39673,178176,2277.14282226562,1242.51391601563
1679798742.9318,180224,2286.43579101562,1256.44995117188
1679798757.56894,182272,2295.49365234375,1269.99304199219
1679798771.48018,184320,2295.49365234375,1269.99304199219
1679798785.99484,186368,2304.32495117187,1286.17944335938
1679798815.28998,190464,2321.34155273437,1312.80773925781
1679798843.82152,194560,2329.54223632812,1325.36535644531
1679798858.55579,196608,2337.54760742187,1338.5654296875
1679798872.76706,198656,2337.54760742187,1338.5654296875
1679798916.22058,204800,2353,1364.37548828125
1679798930.7766,206848,2360.45971679687,1376.02966308594
1679798945.4914,208896,2367.75,1385.69091796875
1679798974.44358,212992,2343.80004882812,1354.03820800781
1679798989.491,215040,2326.326171875,1327.61157226563
1679799019.99729,219136,2277.54174804687,1266.3857421875
1679799035.06591,221184,2253.85717773438,1237.25378417969
1679799049.20027,223232,2253.85717773438,1237.25378417969
1679799063.87193,225280,2261.4140625,1247.15490722656
1679799078.54985,227328,2268.82006835937,1257.81811523438
1679799092.56446,229376,2268.82006835937,1257.81811523438
1679799107.08246,231424,2291.6201171875,1286.70727539063
1679799135.50672,235520,2316.84008789062,1315.93286132813
1679799149.89438,237568,2338.75,1347.30151367188
1679799164.61355,239616,2356.97998046875,1371.72192382813
1679799178.74892,241664,2356.97998046875,1371.72192382813
1679799193.42659,243712,2356.97998046875,1374.13513183594
1679799208.08661,245760,2356.97998046875,1377.01110839844
1679799222.20303,247808,2356.97998046875,1377.01110839844
1679799236.7325,249856,2356.97998046875,1382.00500488281
1679799251.25409,251904,2367.72998046875,1405.50268554688
1679799265.7747,253952,2367.72998046875,1406.51403808594
1679799294.35761,258048,2367.72998046875,1412.1064453125
1679799308.80812,260096,2367.72998046875,1417.67749023438
1679799322.93181,262144,2367.72998046875,1417.67749023438
1679799337.56547,264192,2367.72998046875,1425.52014160156
1679799352.16822,266240,2367.72998046875,1430.60620117188
1679799366.21581,268288,2367.72998046875,1430.60620117188
1679799380.90227,270336,2367.72998046875,1435.27319335938
1679799395.60631,272384,2367.72998046875,1442.26843261719
1679799423.99775,276480,2367.72998046875,1450.33276367188
1679799452.528,280576,2367.72998046875,1458.76489257813
1679799467.20001,282624,2367.72998046875,1468.9228515625
1679799481.76122,284672,2367.72998046875,1477.29357910156
1679799495.84368,286720,2367.72998046875,1477.29357910156
1679799510.38183,288768,2367.72998046875,1487.18762207031
1679799524.87881,290816,2367.72998046875,1497.00695800781
1679799554.04082,294912,2367.72998046875,1509.65844726562
1679799568.51183,296960,2367.72998046875,1523.95141601563
1679799583.01819,299008,2367.72998046875,1537.87353515625
1679799597.04437,301056,2367.72998046875,1537.87353515625
1679799611.51753,303104,2387.10009765625,1574.72216796875
1679799626.04508,305152,2387.10009765625,1590.98547363281
1679799654.61894,309248,2387.10009765625,1604.56408691406
1679799683.54735,313344,2387.10009765625,1618.88659667969
1679799698.72485,315392,2367.86010742187,1610.36352539063
1679799713.32723,317440,2355.35009765625,1596.29919433594
1679799742.61905,321536,2329.89990234375,1566.96166992187
1679799757.19367,323584,2329.89990234375,1580.10046386719
1679799772.4114,325632,2332.1201171875,1586.10009765625
1679799787.98293,327680,2334.05004882812,1593.75012207031
1679799803.12667,329728,2334.6201171875,1596.38195800781
1679799817.96425,331776,2354.3798828125,1623.76306152344
1679799833.80903,333824,2354.11010742187,1630.53210449219
1679799848.0935,335872,2354.11010742187,1630.53210449219
1679799863.54955,337920,2370.06005859375,1668.40124511719
1679799878.81141,339968,2354.10009765625,1660.37536621094
1679799892.93063,342016,2354.10009765625,1660.37536621094
1679799922.04784,346112,2389.69995117187,1734.69885253906
1679799936.28001,348160,2389.69995117187,1734.69885253906
1679799950.83846,350208,2395.57006835937,1762.76806640625
1679799965.50381,352256,2401.42993164062,1791.97216796875
1679799979.52151,354304,2401.42993164062,1791.97216796875
1679799994.5107,356352,2379.97998046875,1780.62890625
1679800008.50068,358400,2379.97998046875,1780.62890625
1679800022.92993,360448,2392.86010742188,1815.19897460938
1679800037.94433,362496,2399.31005859375,1846.71459960938
1679800053.49602,364544,2388.98999023437,1845.98315429688
1679800068.44585,366592,2374.9599609375,1840.38732910156
1679800099.01933,370688,2351.9599609375,1831.79467773438
1679800114.12271,372736,2319.8701171875,1800.52758789063
1679800130.28028,374784,2227.76000976563,1689.7607421875
1679800145.43677,376832,2191.7900390625,1652.11328125
1679800160.85478,378880,2161.82006835938,1631.54614257813
1679800176.42171,380928,2114.0400390625,1595.15283203125
1679800191.61489,382976,2069.21997070312,1540.02490234375
1679800235.09138,389120,2023.28002929687,1497.12512207031
1679800249.95572,391168,2000.92004394531,1482.41796875
1679800264.57286,393216,1980.48999023438,1458.27478027344
1679800279.37647,395264,1980.48999023438,1470.56323242188
1679800293.61627,397312,1980.48999023438,1470.56323242188
1679800309.00628,399360,1980.48999023438,1483.19030761719
1679800324.10859,401408,1980.48999023438,1494.77087402344
1679800353.43113,405504,1980.48999023438,1507.25659179688
1679800368.06329,407552,1980.48999023438,1522.13244628906
1679800382.65253,409600,1994.72998046875,1558.25036621094
1679800396.80974,411648,1994.72998046875,1558.25036621094
1679800426.36061,415744,2009.21997070312,1601.97180175781
1679800441.12534,417792,2030.84997558594,1644.25671386719
1679800455.95647,419840,2032.96997070312,1656.71691894531
1679800470.61525,421888,2034.91003417969,1661.65771484375
1679800486.69353,423936,2052.94995117187,1685.81970214844
1679800503.6579,425984,2059.75,1703.05590820313
1679800520.16069,428032,2062.11010742187,1709.81396484375
1679800536.77822,430080,2058.2099609375,1709.76379394531
1679800553.38434,432128,2038.56994628906,1687.20983886719
1679800569.93933,434176,2038.56994628906,1700.20239257813
1679800602.01801,438272,2026.96997070312,1688.79821777344
1679800618.77544,440320,2026.96997070312,1697.18017578125
1679800635.20191,442368,2026.96997070312,1709.50012207031
1679800651.08149,444416,2026.96997070312,1709.50012207031
1679800682.36255,448512,2026.96997070312,1728.63037109375
1679800696.38903,450560,2026.96997070312,1728.63037109375
1679800711.21325,452608,2026.96997070312,1735.67956542969
1679800726.00323,454656,2020.81994628906,1725.22692871094
1679800740.68116,456704,2010.91003417969,1713.19311523437
1679800756.01855,458752,1985.94995117188,1676.21533203125
1679800770.2247,460800,1985.94995117188,1676.21533203125
1679800784.86979,462848,1985.94995117188,1681.90930175781
1679800799.51014,464896,1985.94995117188,1687.86450195313
1679800844.32819,471040,1948.59997558594,1624.5419921875
1679800859.50179,473088,1913.84997558594,1566.28857421875
1679800874.17174,475136,1903.28002929688,1544.27331542969
1679800889.76899,477184,1865.38000488281,1476.08874511719
1679800904.56023,479232,1865.38000488281,1476.08874511719
1679800921.58804,481280,1822.14001464844,1397.52709960938
1679800936.84488,483328,1804.57995605469,1364.97180175781
1679800951.81234,485376,1789.31005859375,1331.64562988281
1679800968.38739,487424,1789.31005859375,1327.51477050781
1679800984.38064,489472,1789.31005859375,1327.51477050781
1679801001.26989,491520,1769.56005859375,1273.84997558594
1679801034.81368,495616,1767.46997070313,1265.31762695313
1679801052.23919,497664,1739.81005859375,1213.85510253906
1679801068.68949,499712,1737.71997070313,1209.07177734375
1679801085.41936,501760,1743.18994140625,1209.62634277344
1679801101.99915,503808,1746.18994140625,1211.01245117188
1679801119.32721,505856,1738.59997558594,1192.5478515625
1679801136.56855,507904,1743.82995605469,1195.75036621094
1679801152.66284,509952,1751.46997070313,1201.15051269531
1679801167.86756,512000,1751.46997070313,1190.89245605469
1679801213.12299,518144,1790.7900390625,1239.10705566406
1679801228.64558,520192,1794.25,1239.75646972656
1679801245.2091,522240,1794.25,1225.81298828125
1679801261.36279,524288,1794.25,1225.81298828125
1679801294.19618,528384,1786.64001464844,1182.97619628906
1679801310.7293,530432,1770.69995117188,1146.98425292969
1679801328.00924,532480,1763.59997558594,1118.08666992188
1679801344.21256,534528,1750.23999023438,1084.28601074219
1679801376.89426,538624,1745.18005371094,1056.04309082031
1679801393.47011,540672,1751.76000976563,1055.67358398438
1679801426.44092,544768,1755.13000488281,1030.76416015625
1679801456.21367,548864,1768.85998535156,1039.712890625
1679801471.75634,550912,1792.08996582031,1066.89147949219
1679801503.37413,555008,1820.17004394531,1096.47436523438
1679801520.255,557056,1838.7099609375,1108.43237304688
1679801552.82675,561152,1862,1135.15942382813
1679801569.5863,563200,1877.92004394531,1146.73803710938
1679801587.24949,565248,1893.06005859375,1156.77294921875
1679801604.12731,567296,1903.69995117188,1162.96374511719
1679801637.33065,571392,1919.51000976563,1171.04931640625
1679801654.23753,573440,1925.94995117188,1173.46728515625
1679801670.6098,575488,1929.35998535156,1175.21130371094
1679801687.37849,577536,1918.39001464844,1141.64538574219
1679801703.76358,579584,1924.58996582031,1144.2412109375
1679801719.52414,581632,1909.09997558594,1108.02661132813
1679801734.07694,583680,1909.09997558594,1108.02661132813
1679801749.22077,585728,1929.53002929688,1131.17492675781
1679801764.75898,587776,1929.53002929688,1117.3330078125
1679801780.80808,589824,1929.53002929688,1117.3330078125
1679801797.33302,591872,1929.53002929688,1103.75988769531
1679801813.73957,593920,1929.53002929688,1090.52563476563
1679801829.60396,595968,1929.53002929688,1090.52563476563
1679801846.43324,598016,1929.53002929688,1077.99865722656
1679801862.99999,600064,1929.53002929688,1064.64233398438
1679801895.17284,604160,1929.53002929688,1051.6064453125
1679801912.18169,606208,1929.53002929688,1038.42370605469
1679801928.21035,608256,1929.53002929688,1038.42370605469
1679801944.37374,610304,1942.65002441406,1052.00561523438
1679801960.06653,612352,1942.65002441406,1035.814453125
1679801975.21273,614400,1950.89001464844,1042.0390625
1679801989.85619,616448,1950.89001464844,1042.0390625
1679802004.98414,618496,1963.63000488281,1047.48986816406
1679802020.60959,620544,1963.23999023437,1036.03747558594
1679802036.59161,622592,1975.72998046875,1047.22497558594
1679802053.00459,624640,1975.72998046875,1047.22497558594
1679802069.33233,626688,1992.36999511719,1064.56872558594
1679802085.80096,628736,2008.56005859375,1082.43981933594
1679802101.79593,630784,2008.56005859375,1082.43981933594
1679802118.86086,632832,2012.4599609375,1082.80541992188
1679802135.53209,634880,2032.09997558594,1105.23205566406
1679802167.70821,638976,2032.09997558594,1092.74682617188
1679802184.1824,641024,2043.69995117188,1104.70385742188
1679802200.72761,643072,2043.69995117188,1092.32836914063
1679802216.39499,645120,2043.69995117188,1092.32836914063
1679802231.86391,647168,2043.69995117188,1080.40539550781
1679802246.86245,649216,2043.69995117188,1069.39123535156
1679802276.32273,653312,2043.69995117188,1059.10107421875
1679802291.3065,655360,2043.69995117188,1048.85852050781
1679802306.98308,657408,2043.69995117188,1048.85852050781
1679802323.46567,659456,2049.85009765625,1055.88879394531
1679802339.89498,661504,2059.76000976562,1066.20727539063
1679802372.08616,665600,2068.80004882812,1075.87915039063
1679802388.93734,667648,2084.71997070313,1095.20495605469
1679802421.00912,671744,2084.71997070313,1083.05224609375
1679802453.75935,675840,2084.71997070313,1071.6513671875
1679802470.25051,677888,2091.080078125,1078.21545410156
1679802486.4085,679936,2112.03002929687,1102.5478515625
1679802501.87034,681984,2122.07006835937,1113.72521972656
1679802516.87329,684032,2122.07006835937,1113.72521972656
1679802533.14457,686080,2138.44995117187,1133.18920898438
1679802548.20704,688128,2156.82006835937,1154.22241210938
1679802562.73048,690176,2156.82006835937,1154.22241210938
1679802579.32628,692224,2167.38989257813,1166.54956054688
1679802595.97491,694272,2187.73999023437,1190.53173828125
1679802628.21642,698368,2205.2900390625,1210.93286132813
1679802644.71129,700416,2205.2900390625,1200.90112304688
1679802660.95933,702464,2205.2900390625,1200.90112304688
1679802677.36113,704512,2226.43994140625,1225.69775390625
1679802693.60051,706560,2248.53002929687,1251.70910644531
1679802709.83509,708608,2248.53002929687,1251.70910644531
1679802726.83297,710656,2266.09008789063,1272.61364746094
1679802743.37239,712704,2281.36010742187,1291.66137695313
1679802759.11947,714752,2281.36010742187,1291.66137695313
1679802774.62202,716800,2281.36010742187,1283.80627441406
1679802789.81789,718848,2281.96997070313,1288.1103515625
1679802819.89296,722944,2301.11010742187,1312.51440429688
1679802835.16346,724992,2310.8798828125,1318.81652832031
1679802851.75119,727040,2328.5400390625,1332.49792480469
1679802868.18937,729088,2338.68994140625,1339.99780273438
1679802900.79922,733184,2342.80004882812,1341.54333496094
1679802916.98378,735232,2362.17993164062,1366.54907226563
1679802949.51081,739328,2380.05004882812,1389.64184570313
1679802965.64785,741376,2394.080078125,1409.42407226563
1679802982.06181,743424,2412.330078125,1432.07690429688
1679802998.67612,745472,2429.53002929687,1454.43090820313
1679803014.32702,747520,2429.53002929687,1454.43090820313
1679803030.47697,749568,2440.75,1470.64733886719
1679803045.54521,751616,2456.14990234375,1490.63757324219
1679803062.63438,753664,2413.21997070313,1442.49658203125
1679803078.48287,755712,2376.52001953125,1391.60339355469
1679803093.69363,757760,2374.22998046875,1389.87622070313
1679803158.28092,765952,2363.96997070312,1370.84851074219
1679803174.67645,768000,2379.90991210938,1392.72985839844
1679803191.36056,770048,2393.48999023438,1412.81970214844
1679803223.91749,774144,2408.4599609375,1434.43469238281
1679803240.33356,776192,2421.82006835937,1454.40563964844
1679803288.93998,782336,2448.6298828125,1495.62316894531
1679803303.94326,784384,2448.6298828125,1495.62316894531
1679803334.07648,788480,2465.3798828125,1528.61120605469
1679803348.78808,790528,2465.3798828125,1528.61120605469
1679803364.81188,792576,2485.3798828125,1554.19091796875
1679803412.94913,798720,2500.6298828125,1586.29064941406
1679803429.70386,800768,2500.6298828125,1585.97802734375
1679803445.60746,802816,2500.6298828125,1585.97802734375
1679803461.90274,804864,2519.05004882812,1609.84606933594
1679803478.44808,806912,2519.05004882812,1609.9189453125
1679803494.59747,808960,2521.080078125,1621.71801757813
1679803510.82989,811008,2521.080078125,1621.71801757813
1679803527.11138,813056,2521.080078125,1622.93627929688
1679803543.79526,815104,2529.05004882812,1638.92297363281
1679803559.53236,817152,2529.05004882812,1638.92297363281
1679803574.95083,819200,2543.1298828125,1659.62255859375
1679803589.99527,821248,2561.4599609375,1683.98608398438
1679803604.7195,823296,2561.4599609375,1683.98608398438
1679803619.87353,825344,2576.19995117187,1705.95642089844
1679803635.01445,827392,2596.580078125,1732.18994140625
1679803650.33258,829440,2596.580078125,1732.18994140625
1679803667.03223,831488,2603.3701171875,1747.93212890625
1679803683.391,833536,2625.81005859375,1775.46154785156
1679803699.44819,835584,2625.81005859375,1775.46154785156
1679803715.60381,837632,2646.96997070312,1802.5263671875
1679803732.08254,839680,2667.92993164062,1829.04260253906
1679803748.10877,841728,2667.92993164062,1829.04260253906
1679803780.95852,845824,2705.53002929688,1878.53344726563
1679803796.69158,847872,2705.53002929688,1878.53344726563
1679803813.17492,849920,2719.09008789062,1899.28491210937
1679803829.67067,851968,2737.919921875,1924.0439453125
1679803875.25638,858112,2777.65991210937,1975.62133789063
1679803890.64622,860160,2793.30004882812,1998.45568847656
1679803905.2933,862208,2793.30004882812,1998.45568847656
1679803921.22048,864256,2815.51000976562,2025.92297363281
1679803937.80731,866304,2815.51000976562,2026.5615234375
1679803953.5985,868352,2815.51000976562,2026.5615234375
1679803970.24417,870400,2815.51000976562,2026.85070800781
1679803986.56144,872448,2815.51000976562,2026.80993652344
1679804002.27535,874496,2815.51000976562,2026.80993652344
1679804018.73052,876544,2815.51000976562,2027.02551269531
1679804050.80886,880640,2815.51000976562,2026.25732421875
1679804067.15968,882688,2815.51000976562,2025.75073242187
1679804083.63398,884736,2815.51000976562,2024.4404296875
1679804129.92718,890880,2815.51000976562,2022.12487792969
1679804145.39714,892928,2815.51000976562,2022.83288574219
1679804160.73311,894976,2790.30004882812,1993.26293945313
1679804175.88513,897024,2796.57006835937,2008.16577148437
1679804192.02357,899072,2784.7099609375,1999.69714355469
1679804208.61887,901120,2784.7099609375,1999.83264160156
1679804224.63396,903168,2784.7099609375,1999.83264160156
1679804241.14105,905216,2784.7099609375,2000.52001953125
1679804273.75878,909312,2784.7099609375,2000.75061035156
1679804290.18503,911360,2784.7099609375,2001.62561035156
1679804306.28861,913408,2784.7099609375,2001.31604003906
1679804322.93384,915456,2784.7099609375,1999.86645507813
1679804387.00974,923648,2784.7099609375,2000.38757324219
1679804402.29901,925696,2784.7099609375,2000.26220703125
1679804417.56854,927744,2784.7099609375,1999.96875
1679804432.48002,929792,2784.7099609375,1999.96875
1679804447.77504,931840,2784.7099609375,1999.61450195313
1679804464.28214,933888,2784.7099609375,1999.10485839844
1679804480.38571,935936,2784.7099609375,1999.10485839844
1679804514.50683,940032,2784.7099609375,1999.12963867188
1679804530.45931,942080,2784.7099609375,1999.12963867188
1679804546.94976,944128,2784.7099609375,1998.87756347656
1679804563.3502,946176,2784.7099609375,1997.85827636719
1679804579.08419,948224,2784.7099609375,1997.85827636719
1679804595.78188,950272,2784.7099609375,1997.86767578125
1679804612.41198,952320,2784.7099609375,1998.74633789063
1679804628.07291,954368,2784.7099609375,1998.74633789063
1679804644.88227,956416,2768.2099609375,1977.18395996094
1679804675.36152,960512,2737.13989257813,1934.12512207031
1679804691.03683,962560,2737.13989257813,1935.07177734375
1679804706.64197,964608,2737.13989257813,1935.07177734375
1679804722.06071,966656,2737.13989257813,1935.51965332031
1679804755.69715,970752,2737.13989257813,1936.68420410156
1679804771.64146,972800,2737.13989257813,1936.68420410156
1679804788.00735,974848,2737.13989257813,1936.791015625
1679804839.18531,980992,2737.13989257813,1937.26501464844
1679804855.62405,983040,2737.13989257813,1937.60119628906
1679804871.69927,985088,2737.13989257813,1937.60119628906
1679804889.04887,987136,2737.13989257813,1937.07775878906
1679804905.36545,989184,2737.13989257813,1936.68420410156
1679804920.24877,991232,2737.13989257813,1936.68420410156
1679804935.24104,993280,2737.13989257813,1935.42846679688
1679804951.08072,995328,2737.13989257813,1935.01806640625
1679804965.75182,997376,2737.13989257813,1935.01806640625
1679804980.8036,999424,2742.21997070312,1948.46557617188
1679804996.67271,1001472,2744.65991210937,1959.69140625
1679805012.91859,1003520,2744.65991210937,1959.69140625
1679805029.41475,1005568,2752.61010742188,1975.41271972656
1679805047.32564,1007616,2763.02001953125,1993.03015136719
1679805096.41804,1013760,2763.02001953125,1991.38989257813
1679805112.65724,1015808,2763.02001953125,1990.44555664063
1679805145.17795,1019904,2763.02001953125,1990.51708984375
1679805162.23613,1021952,2763.02001953125,1989.68310546875
1679805181.86483,1024000,2681.0400390625,1908.94812011719
1679805214.65886,1028096,2581.48999023437,1814.49462890625
1679805230.26738,1030144,2525.830078125,1751.65356445313
1679805246.47129,1032192,2473.40991210937,1688.77124023438
1679805296.50673,1038336,2369.52001953125,1567.71520996094
1679805313.03213,1040384,2369.52001953125,1567.38220214844
1679805328.8453,1042432,2369.52001953125,1567.38220214844
1679805345.34369,1044480,2369.52001953125,1566.95825195313
1679805361.95979,1046528,2369.52001953125,1566.80603027344
1679805377.84825,1048576,2369.52001953125,1566.80603027344
1679805394.69559,1050624,2369.52001953125,1566.0419921875
1679805411.36242,1052672,2369.52001953125,1566.42919921875
1679805427.60517,1054720,2369.52001953125,1566.42919921875
1679805459.73114,1058816,2369.52001953125,1566.71044921875
1679805475.04699,1060864,2369.52001953125,1566.25634765625
1679805489.78015,1062912,2369.52001953125,1566.25634765625
1679805505.06415,1064960,2369.52001953125,1565.78076171875
1679805520.22729,1067008,2369.52001953125,1565.75354003906
1679805535.76063,1069056,2369.52001953125,1565.75354003906
1679805569.31654,1073152,2369.52001953125,1565.03466796875
1679805619.6308,1079296,2369.52001953125,1564.52600097656
1679805635.8626,1081344,2369.52001953125,1564.52600097656
1679805652.05817,1083392,2369.52001953125,1564.20239257813
1679805684.64542,1087488,2369.52001953125,1563.75817871094
1679805701.38982,1089536,2369.52001953125,1563.36669921875
1679805717.49942,1091584,2369.52001953125,1563.01721191406
1679805732.71552,1093632,2369.52001953125,1563.01721191406
1679805747.88232,1095680,2369.52001953125,1562.41711425781
1679805762.98116,1097728,2369.52001953125,1561.67663574219
1679805777.62304,1099776,2369.52001953125,1561.67663574219
1679805792.78348,1101824,2369.52001953125,1561.25500488281
1679805808.60517,1103872,2369.52001953125,1561.03662109375
1679805825.37031,1105920,2369.52001953125,1560.76379394531
1679805841.20548,1107968,2369.52001953125,1560.76379394531
1679805857.74213,1110016,2369.52001953125,1560.11706542969
1679805874.01709,1112064,2369.52001953125,1559.58203125
1679805890.00384,1114112,2369.52001953125,1559.58203125
1679805906.41617,1116160,2369.52001953125,1559.18103027344
1679805938.73988,1120256,2369.52001953125,1558.59790039063
1679805955.00685,1122304,2369.52001953125,1557.91674804688
1679805971.55518,1124352,2369.52001953125,1557.95104980469
1679806003.67708,1128448,2369.52001953125,1558.0087890625
1679806033.54965,1132544,2369.52001953125,1557.89147949219
1679806048.60291,1134592,2394.72998046875,1587.23376464844
1679806063.78647,1136640,2394.72998046875,1588.16394042969
1679806079.58505,1138688,2394.72998046875,1588.16394042969
1679806096.14414,1140736,2414.7099609375,1613.72436523438
1679806128.43913,1144832,2414.7099609375,1614.6650390625
1679806145.0298,1146880,2414.7099609375,1614.55932617188
1679806161.72777,1148928,2412.64990234375,1602.162109375
1679806180.12113,1150976,2321.30004882812,1491.31860351563
1679806197.52403,1153024,2280.71997070312,1439.88806152344
1679806214.45979,1155072,2238.76000976562,1387.85437011719
1679806232.28319,1157120,2168.40991210938,1303.80590820313
1679806264.60514,1161216,2133.2900390625,1256.95666503906
1679806279.66535,1163264,2133.2900390625,1256.8642578125
1679806295.43163,1165312,2104.69995117188,1215.43469238281
1679806310.95969,1167360,2096.05004882812,1208.83557128906
1679806326.81303,1169408,2076.18994140625,1183.38000488281
1679806342.75057,1171456,2060.26000976563,1161.11901855469
1679806359.79014,1173504,2046.96997070312,1140.99865722656
1679806377.01858,1175552,2018.33996582031,1098.72265625
1679806410.9356,1179648,1993.46997070312,1060.06311035156
1679806427.28874,1181696,1981.36999511719,1041.15771484375
1679806443.58027,1183744,1965.93005371094,1019.79132080078
1679806492.93833,1189888,1944.83996582031,984.492004394531
1679806554.74525,1198080,1920.64001464844,936.858459472656
1679806569.94084,1200128,1920.64001464844,937.300659179688
1679806585.63619,1202176,1920.05004882812,927.429931640625
1679806617.46456,1206272,1920.05004882812,927.962585449219
1679806634.0945,1208320,1920.05004882812,928.473205566406
1679806650.39916,1210368,1902.34997558594,905.586486816406
1679806666.90677,1212416,1902.34997558594,906.191650390625
1679806683.90388,1214464,1902.34997558594,906.191650390625
1679806702.06091,1216512,1940.10998535156,945.2021484375
1679806717.71861,1218560,1940.10998535156,945.2021484375
1679806734.64566,1220608,1976.22998046875,983.078063964844
1679806751.04156,1222656,1988.80004882813,992.8623046875
1679806767.87138,1224704,2005.02001953125,1005.556640625
1679806784.53397,1226752,2018.13000488281,1015.66729736328
1679806802.16588,1228800,2037.82995605469,1031.11413574219
1679806833.07565,1232896,2030.66003417969,1016.66552734375
1679806848.35227,1234944,2051.669921875,1032.95263671875
1679806863.52623,1236992,2079.580078125,1064.16589355469
1679806878.93056,1239040,2079.580078125,1064.16589355469
1679806895.54527,1241088,2107.330078125,1095.33618164063
1679806911.9747,1243136,2107.330078125,1095.48681640625
1679806928.52889,1245184,2132.85009765625,1124.58227539063
1679806944.64857,1247232,2132.85009765625,1124.58227539063
1679806961.12185,1249280,2159.75,1154.986328125
1679806977.70325,1251328,2187.69995117187,1186.60888671875
1679807010.1303,1255424,2187.69995117187,1187.86401367188
1679807026.47638,1257472,2212.68994140625,1217.75427246094
1679807042.57778,1259520,2212.68994140625,1217.75427246094
1679807058.91804,1261568,2239.56005859375,1249.279296875
1679807074.53509,1263616,2263.63989257813,1278.64233398438
1679807089.54566,1265664,2263.63989257813,1278.64233398438
1679807105.08386,1267712,2263.63989257813,1280.28442382813
1679807120.53879,1269760,2263.63989257813,1281.41662597656
1679807135.14276,1271808,2263.63989257813,1281.41662597656
1679807151.64585,1273856,2263.63989257813,1282.11267089844
1679807168.60997,1275904,2263.63989257813,1282.11096191406
1679807184.6862,1277952,2263.63989257813,1282.11096191406
1679807219.52437,1282048,2263.63989257813,1280.56970214844
1679807235.87442,1284096,2263.63989257813,1280.56970214844
1679807252.73314,1286144,2263.63989257813,1280.32299804688
1679807269.33178,1288192,2263.63989257813,1280.28271484375
1679807285.76688,1290240,2263.63989257813,1280.55163574219
1679807335.01685,1296384,2263.63989257813,1279.95593261719
1679807350.85798,1298432,2263.63989257813,1279.95593261719
1679807366.46421,1300480,2263.63989257813,1280.03491210938
1679807382.02677,1302528,2263.63989257813,1280.39099121094
1679807397.04116,1304576,2263.63989257813,1280.39099121094
1679807412.58144,1306624,2263.63989257813,1280.79992675781
1679807443.90112,1310720,2263.63989257813,1281.32458496094
1679807461.72554,1312768,2239.93994140625,1244.04382324219
1679807479.47712,1314816,2178.23999023437,1167.06323242188
1679807496.92487,1316864,2137.88989257813,1116.29650878906
1679807513.47389,1318912,2122.06005859375,1094.44226074219
1679807530.78686,1320960,2122.06005859375,1094.44226074219
1679807548.62925,1323008,2110.81005859375,1076.39758300781
1679807564.89473,1325056,2091.6201171875,1052.13171386719
1679807598.62801,1329152,2037.66003417969,981.46728515625
1679807615.59757,1331200,2006.73999023437,937.798217773437
1679807646.79962,1335296,2006.73999023437,937.800903320312
1679807661.93103,1337344,2006.73999023437,937.876037597656
1679807676.57126,1339392,2006.73999023437,937.876037597656
1679807692.28397,1341440,2006.73999023437,938.230224609375
1679807708.40773,1343488,2006.73999023437,938.931274414063
1679807758.78983,1349632,2008.80004882812,952.3203125
1679807775.54872,1351680,2026.28002929687,975.954833984375
1679807791.95829,1353728,2026.28002929687,975.954833984375
1679807808.74032,1355776,2051.1201171875,1005.31927490234
1679807841.2909,1359872,2076.60009765625,1034.7314453125
1679807875.21955,1363968,2120.84008789062,1089.21948242188
1679807891.80701,1366016,2120.84008789062,1089.21948242188
1679807908.31451,1368064,2140.72998046875,1114.93981933594
1679807940.5453,1372160,2162.89990234375,1141.837890625
1679807955.87456,1374208,2182.68994140625,1167.26611328125
1679807970.96389,1376256,2204.51000976563,1194.63037109375
1679807986.4226,1378304,2219.61010742187,1206.52819824219
1679808001.37159,1380352,2219.61010742187,1206.52819824219
1679808035.56572,1384448,2253.669921875,1243.28845214844
1679808052.11891,1386496,2236.34008789063,1220.12231445313
1679808068.67322,1388544,2238.36010742187,1221.6591796875
1679808085.15489,1390592,2248.76000976562,1229.55932617188
1679808101.92251,1392640,2251.330078125,1231.4208984375
1679808118.12112,1394688,2273.31005859375,1258.40771484375
1679808150.29763,1398784,2291.77001953125,1282.60754394531
1679808166.88838,1400832,2308.55004882812,1305.34533691406
1679808182.62099,1402880,2308.55004882812,1305.34533691406
1679808198.40619,1404928,2324.47998046875,1327.50463867188
1679808228.52867,1409024,2337.77001953125,1347.798828125
1679808243.85575,1411072,2350.97998046875,1368.10571289063
1679808259.4764,1413120,2348.1201171875,1365.66491699219
1679808275.83335,1415168,2342.85009765625,1361.08264160156
1679808308.59923,1419264,2355.52001953125,1370.86511230469
1679808325.75442,1421312,2355.52001953125,1370.46643066406
1679808342.45127,1423360,2355.52001953125,1370.46643066406
1679808359.02407,1425408,2361.82006835937,1384.53637695313
1679808375.46081,1427456,2376.61010742187,1405.083984375
1679808391.33343,1429504,2376.61010742187,1405.083984375
1679808407.87099,1431552,2388.06005859375,1423.00866699219
1679808424.48308,1433600,2398.60009765625,1440.54479980469
1679808440.53307,1435648,2398.60009765625,1440.54479980469
1679808472.00318,1439744,2400.81005859375,1451.5390625
1679808486.34962,1441792,2400.81005859375,1451.5390625
1679808516.62331,1445888,2401.39990234375,1461.24206542969
1679808532.10006,1447936,2401.39990234375,1460.92419433594
1679808547.83238,1449984,2401.39990234375,1460.92419433594
1679808564.27217,1452032,2419.10009765625,1484.22827148438
1679808580.55713,1454080,2419.10009765625,1483.83520507813
1679808596.31878,1456128,2419.10009765625,1483.83520507813
1679808612.71733,1458176,2419.10009765625,1483.28002929688
1679808629.44257,1460224,2434.4599609375,1504.26501464844
1679808645.39597,1462272,2434.4599609375,1504.26501464844
1679808677.93331,1466368,2454.3798828125,1527.35803222656
1679808696.11118,1468416,2411.4599609375,1493.60009765625
1679808713.78543,1470464,2395.59008789062,1480.62976074219
1679808730.02321,1472512,2359.32006835937,1442.44287109375
1679808744.8544,1474560,2341.85009765625,1418.80444335938
1679808759.92627,1476608,2340.5400390625,1407.07177734375
1679808776.6107,1478656,2242.19995117187,1291.30859375
1679808793.00425,1480704,2141.330078125,1170.29956054688
1679808810.5743,1482752,2042.34997558594,1053.55529785156
1679808828.73728,1484800,1943.18994140625,937.343872070313
1679808845.93064,1486848,1899.43994140625,883.160766601563
1679808862.36385,1488896,1876.73999023438,855.498840332031
1679808878.67195,1490944,1876.73999023438,853.977966308594
1679808895.2187,1492992,1876.73999023438,852.295654296875
1679808911.91915,1495040,1852.86999511719,823.49072265625
1679808928.50378,1497088,1856.56005859375,834.809631347656
1679808946.39989,1499136,1847.30004882813,827.129516601562
1679808964.60064,1501184,1830.28002929688,813.524475097656
1679808980.372,1503232,1830.28002929688,813.524475097656
1679808997.40834,1505280,1810.81994628906,797.325927734375
1679809014.21125,1507328,1795.2099609375,784.892150878906
1679809030.99982,1509376,1751.56005859375,741.231872558594
1679809061.41354,1513472,1709.44995117188,688.166625976563
1679809077.66644,1515520,1709.44995117188,686.612548828125
1679809094.49212,1517568,1709.44995117188,685.087341308594
1679809127.12782,1521664,1709.44995117188,684.315002441406
1679809143.61717,1523712,1709.44995117188,684.118713378906
1679809160.25547,1525760,1709.44995117188,684.380554199219
1679809176.425,1527808,1709.44995117188,684.380554199219
1679809192.57818,1529856,1709.44995117188,684.514709472656
1679809275.1659,1540096,1694.55004882813,663.537780761719
1679809290.40312,1542144,1694.55004882813,663.696960449219
1679809305.41467,1544192,1694.55004882813,663.696960449219
1679809336.0076,1548288,1703.9599609375,681.204467773437
1679809351.60264,1550336,1703.9599609375,681.204467773437
1679809368.80008,1552384,1703.9599609375,681.25732421875
1679809385.95374,1554432,1714.59997558594,699.858581542969
1679809402.00093,1556480,1714.59997558594,699.858581542969
1679809436.16059,1560576,1741.59997558594,731.284973144531
1679809452.95924,1562624,1752.53002929688,750.054443359375
1679809468.89133,1564672,1752.53002929688,750.054443359375
1679809485.55735,1566720,1757.77001953125,764.671081542969
1679809502.68823,1568768,1774.06005859375,788.129821777344
1679809518.81472,1570816,1774.06005859375,788.129821777344
1679809535.04522,1572864,1774.06005859375,788.980773925781
1679809551.02102,1574912,1774.06005859375,789.617980957031
1679809565.87196,1576960,1774.06005859375,789.617980957031
1679809581.55047,1579008,1774.06005859375,790.42578125
1679809597.10015,1581056,1774.06005859375,791.108337402344
1679809611.51302,1583104,1774.06005859375,791.108337402344
1679809627.15774,1585152,1774.06005859375,791.420349121094
1679809659.86261,1589248,1774.06005859375,792.034851074219
1679809676.37552,1591296,1782.08996582031,808.995666503906
1679809692.75602,1593344,1800.65002441406,833.824645996094
1679809708.69431,1595392,1800.65002441406,833.824645996094
1679809725.39899,1597440,1820.02001953125,859.163391113281
1679809741.87374,1599488,1834.57995605469,880.623352050781
1679809757.87409,1601536,1834.57995605469,880.623352050781
1679809775.03735,1603584,1820.44995117188,869.979309082031
1679809791.44001,1605632,1804.86999511719,848.707275390625
1679809839.57805,1611776,1787.7900390625,807.157592773438
1679809854.85461,1613824,1770.27001953125,783.427001953125
1679809870.08756,1615872,1756.58996582031,762.988342285156
1679809885.39539,1617920,1741.19995117188,741.307312011719
1679809901.62995,1619968,1731.85998535156,724.470947265625
1679809918.21762,1622016,1731.2900390625,714.860778808594
1679809950.34109,1626112,1731.2900390625,715.438293457031
1679809966.84876,1628160,1731.2900390625,716.352661132813
1679809983.41679,1630208,1731.2900390625,717.108215332031
1679809999.45211,1632256,1731.2900390625,717.108215332031
1679810015.77874,1634304,1731.2900390625,718.002685546875
1679810033.22502,1636352,1731.2900390625,718.685241699219
1679810049.17041,1638400,1731.2900390625,718.685241699219
1679810065.52116,1640448,1731.2900390625,719.314453125
1679810097.07386,1644544,1754.7900390625,747.04541015625
1679810112.52748,1646592,1779.92004394531,775.980285644531
1679810127.62712,1648640,1805.21997070312,804.998596191406
1679810142.40036,1650688,1805.21997070312,804.998596191406
1679810157.64251,1652736,1830.39001464844,833.852844238281
1679810174.54568,1654784,1853.67004394531,861.383117675781
1679810190.87076,1656832,1853.67004394531,861.383117675781
1679810207.89671,1658880,1876.83996582031,889.051574707031
1679810224.60851,1660928,1900.02001953125,917.095458984375
1679810240.35746,1662976,1900.02001953125,917.095458984375
1679810273.64463,1667072,1949.51000976563,975.228332519531
1679810289.98004,1669120,1969.5,1000.09033203125
1679810305.87302,1671168,1969.5,1000.09033203125
1679810339.01673,1675264,1988.28002929688,1034.83850097656
1679810354.38349,1677312,1988.28002929688,1034.83850097656
1679810369.47028,1679360,2014.18994140625,1063.82641601563
1679810384.63547,1681408,2037.66003417969,1090.79699707031
1679810399.14698,1683456,2037.66003417969,1090.79699707031
1679810414.21399,1685504,2064.44995117187,1120.29553222656
1679810429.3473,1687552,2086.6201171875,1146.59619140625
1679810445.45303,1689600,2086.6201171875,1146.59619140625
1679810462.17966,1691648,2112.47998046875,1175.62512207031
1679810478.57928,1693696,2137.65991210937,1204.4599609375
1679810494.43664,1695744,2137.65991210937,1204.4599609375
1679810510.59909,1697792,2162.34008789062,1233.06860351563
1679810527.48233,1699840,2187.48999023438,1261.75146484375
1679810543.29181,1701888,2187.48999023438,1261.75146484375
1679810575.97069,1705984,2238.39990234375,1319.54809570313
1679810592.05842,1708032,2238.39990234375,1319.54809570313
1679810608.3585,1710080,2260.57006835937,1346.18151855469
1679810624.49465,1712128,2286.46997070312,1375.57446289063
1679810639.78752,1714176,2310.39990234375,1403.31494140625
1679810654.23107,1716224,2310.39990234375,1403.31494140625
1679810684.33579,1720320,2361.1298828125,1461.185546875
1679810699.09443,1722368,2361.1298828125,1461.185546875
1679810732.39066,1726464,2404.22998046875,1513.92761230469
1679810748.21933,1728512,2404.22998046875,1513.92761230469
1679810781.10254,1732608,2452.080078125,1571.05895996094
1679810813.40427,1736704,2452.080078125,1572.3515625
1679810829.74405,1738752,2445.63989257812,1558.90344238281
1679810862.30082,1742848,2469.51000976562,1587.45983886719
1679810878.61358,1744896,2469.51000976562,1588.80737304688
1679810908.89526,1748992,2487.40991210938,1612.63806152344
1679810924.01096,1751040,2512.93994140625,1642.14599609375
1679810939.03584,1753088,2538.36010742187,1671.43237304688
1679810954.09359,1755136,2545.5400390625,1677.06188964844
1679810968.85686,1757184,2551.22998046875,1681.59606933594
1679810983.48823,1759232,2573.40991210937,1698.69836425781
1679811011.79246,1763328,2598.94995117188,1728.34313964844
1679811026.21524,1765376,2598.94995117188,1729.90588378906
1679811040.64456,1767424,2620.42993164063,1746.80102539063
1679811083.3318,1773568,2671.18994140625,1806.12182617188
1679811097.69417,1775616,2679.3798828125,1812.73046875
1679811126.53528,1779712,2704.43994140625,1832.4638671875
1679811141.07132,1781760,2722.42993164062,1846.61071777344
1679811155.66336,1783808,2737.71997070312,1858.67614746094
1679811170.08823,1785856,2748.67993164063,1867.45568847656
1679811184.59298,1787904,2769.48999023437,1893.98278808594
1679811198.53542,1789952,2769.48999023437,1893.98278808594
1679811213.02704,1792000,2769.48999023437,1895.1064453125
1679811241.77136,1796096,2769.48999023437,1895.90124511719
1679811256.47142,1798144,2769.48999023437,1896.19006347656
1679811270.93561,1800192,2769.48999023437,1896.09704589844
1679811299.31923,1804288,2769.48999023437,1895.73999023438
1679811313.82209,1806336,2769.48999023437,1895.51513671875
1679811327.69282,1808384,2769.48999023437,1895.51513671875
1679811342.1771,1810432,2769.48999023437,1895.04919433594
1679811356.76786,1812480,2769.48999023437,1895.33984375
1679811371.28236,1814528,2784.38989257813,1916.87438964844
1679811385.22786,1816576,2784.38989257813,1916.87438964844
1679811399.71938,1818624,2784.38989257813,1916.47265625
1679811414.2954,1820672,2784.38989257813,1916.28515625
1679811428.44058,1822720,2784.38989257813,1916.28515625
1679811442.82392,1824768,2784.38989257813,1915.78955078125
1679811471.43902,1828864,2784.38989257813,1915.17517089844
1679811486.60533,1830912,2784.38989257813,1914.76013183594
1679811514.9218,1835008,2784.38989257813,1914.72741699219
1679811543.8414,1839104,2789.15991210937,1928.63757324219
1679811557.72217,1841152,2789.15991210937,1928.63757324219
1679811572.10512,1843200,2789.15991210937,1928.49267578125
1679811600.91613,1847296,2776.81005859375,1898.13110351563
1679811615.44955,1849344,2765.10009765625,1878.29272460938
1679811644.61077,1853440,2747.419921875,1843.5869140625
1679811659.04097,1855488,2735.13989257812,1823.63549804687
1679811673.48238,1857536,2723.3701171875,1804.32275390625
1679811688.04895,1859584,2722.40991210937,1792.95629882813
1679811702.68458,1861632,2711.65991210938,1774.09045410156
1679811732.26292,1865728,2662.23999023437,1704.83813476563
1679811746.2354,1867776,2662.23999023437,1704.83813476563
1679811774.94731,1871872,2679.13989257812,1728.10131835938
1679811789.23616,1873920,2683.71997070312,1731.45190429688
1679811819.8756,1878016,2636.44995117187,1694.5185546875
1679811834.4192,1880064,2646.98999023437,1702.48583984375
1679811848.87314,1882112,2657.05004882812,1710.28405761719
1679811862.83983,1884160,2657.05004882812,1710.28405761719
1679811877.30786,1886208,2666.38989257812,1727.75964355469
1679811891.73034,1888256,2666.9599609375,1738.41735839844
1679811905.63376,1890304,2666.9599609375,1738.41735839844
1679811920.13877,1892352,2666.9599609375,1738.96154785156
1679811934.56216,1894400,2666.9599609375,1739.03540039063
1679811963.29722,1898496,2666.9599609375,1740.06262207031
1679811977.84579,1900544,2666.9599609375,1740.75708007813
1679811991.82932,1902592,2666.9599609375,1740.75708007813
1679812006.37593,1904640,2666.9599609375,1741.77587890625
1679812020.89252,1906688,2666.9599609375,1742.74096679688
1679812035.51867,1908736,2666.9599609375,1743.56225585938
1679812049.46217,1910784,2666.9599609375,1743.56225585938
1679812063.96328,1912832,2666.9599609375,1744.43249511719
1679812078.3933,1914880,2664.01000976562,1733.24645996094
1679812092.41938,1916928,2664.01000976562,1733.24645996094
1679812107.52782,1918976,2647.830078125,1702.98474121094
1679812121.46287,1921024,2647.830078125,1702.98474121094
1679812150.46407,1925120,2647.25,1694.57385253906
1679812164.34348,1927168,2647.25,1694.57385253906
1679812178.77211,1929216,2647.25,1695.01477050781
1679812193.33935,1931264,2647.25,1695.87463378906
1679812207.60324,1933312,2640.6298828125,1681.90356445313
1679812221.49281,1935360,2640.6298828125,1681.90356445313
1679812235.97458,1937408,2640.6298828125,1683.18041992188
1679812250.93852,1939456,2606.22998046875,1638.84118652344
1679812265.88206,1941504,2568.69995117187,1592.67150878906
1679812280.98017,1943552,2530.67993164063,1545.68371582031
1679812295.55681,1945600,2511.67993164062,1521.88989257813
1679812310.42474,1947648,2497.77001953125,1501.96716308594
1679812341.05818,1951744,2459.60009765625,1445.85668945313
1679812371.09789,1955840,2441.2900390625,1413.90295410156
1679812385.45212,1957888,2441.2900390625,1413.90295410156
1679812400.94317,1959936,2427.47998046875,1385.67749023438
1679812415.34156,1961984,2427.47998046875,1385.67749023438
1679812444.58858,1966080,2423.78002929687,1363.88220214844
1679812458.48396,1968128,2423.78002929687,1363.88220214844
1679812473.12968,1970176,2423.78002929687,1363.98876953125
1679812487.46535,1972224,2423.78002929687,1363.91003417969
1679812502.10822,1974272,2411.2900390625,1344.17993164063
1679812516.64221,1976320,2396.419921875,1322.90014648438
1679812531.02835,1978368,2391.06005859375,1318.55554199219
1679812560.163,1982464,2366.55004882812,1279.66491699219
1679812574.62873,1984512,2366.55004882812,1280.02209472656
1679812603.11761,1988608,2366.55004882812,1280.79772949219
1679812617.61453,1990656,2366.55004882812,1281.96362304688
1679812632.30995,1992704,2383.18994140625,1305.1474609375
1679812646.54938,1994752,2383.18994140625,1305.1474609375
1679812675.95614,1998848,2401.28002929687,1340.12963867188
1679812690.29587,2000896,2401.28002929687,1340.12963867188
1679812705.53041,2002944,2401.28002929687,1340.59924316406
1679812720.33837,2004992,2401.28002929687,1340.34631347656
1679812734.61812,2007040,2401.28002929687,1340.34631347656
1679812749.41315,2009088,2403.5400390625,1351.84069824219
1679812764.18573,2011136,2403.5400390625,1351.64477539063
1679812778.97708,2013184,2403.5400390625,1351.49829101563
1679812793.06976,2015232,2403.5400390625,1351.49829101563
1679812836.59247,2021376,2424.61010742187,1388.03979492188
1679812851.27931,2023424,2440.669921875,1410.31323242188
1679812866.80003,2025472,2447.40991210937,1425.29333496094
1679812882.77261,2027520,2447.40991210937,1425.29333496094
1679812898.85788,2029568,2456.55004882812,1442.21691894531
1679812931.25562,2033664,2466.88989257812,1459.97546386719
1679812947.63894,2035712,2466.88989257812,1459.75561523438
1679812964.0983,2037760,2466.88989257812,1459.97644042969
1679812979.64743,2039808,2466.88989257812,1459.97644042969
1679812996.39037,2041856,2466.88989257812,1460.22412109375
1679813029.09668,2045952,2466.88989257812,1460.44189453125
1679813045.29076,2048000,2466.88989257812,1460.62060546875
1679813060.9369,2050048,2466.88989257812,1460.14916992188
1679813075.459,2052096,2466.88989257812,1460.14916992188
1679813090.17673,2054144,2466.88989257812,1460.15539550781
1679813104.95557,2056192,2466.88989257812,1460.21069335938
1679813119.78353,2058240,2466.1298828125,1449.31225585938
1679813133.95457,2060288,2466.1298828125,1449.31225585938
1679813148.75245,2062336,2462.75,1436.88159179688
1679813163.91693,2064384,2462.75,1437.25048828125
1679813192.9454,2068480,2462.75,1437.05493164063
1679813207.83795,2070528,2462.75,1436.56359863281
1679813222.08372,2072576,2462.75,1436.56359863281
1679813251.33663,2076672,2462.75,1435.51403808594
1679813265.71319,2078720,2462.75,1435.51403808594
1679813280.60655,2080768,2462.75,1434.25061035156
1679813295.82342,2082816,2462.75,1433.29467773437
1679813310.77796,2084864,2462.75,1432.22668457031
1679813355.66597,2091008,2467.90991210937,1444.44262695313
1679813387.17229,2095104,2426.28002929687,1411.58520507813
1679813402.71765,2097152,2418.30004882812,1405.26647949219
1679813436.50411,2101248,2383.72998046875,1377.86096191406
1679813453.51113,2103296,2396.86010742188,1387.82507324219
1679813470.55034,2105344,2373.80004882812,1359.74145507813
1679813486.96624,2107392,2355.42993164062,1335.50915527344
1679813503.61131,2109440,2349.330078125,1330.86010742188
1679813536.98724,2113536,2379.39990234375,1363.96813964844
1679813601.71024,2121728,2420.419921875,1415.43237304688
1679813616.40393,2123776,2420.419921875,1415.43237304688
1679813631.43395,2125824,2425.75,1429.27954101562
1679813646.75879,2127872,2416,1411.10803222656
1679813661.85606,2129920,2416,1410.35961914063
1679813677.5317,2131968,2405.59008789063,1391.27319335938
1679813728.14023,2138112,2348.69995117187,1303.59826660156
1679813744.46208,2140160,2331.26000976562,1279.62658691406
1679813760.73549,2142208,2323.22998046875,1262.88513183594
1679813777.58118,2144256,2294.27001953125,1229.43640136719
1679813810.01703,2148352,2284.75,1220.83288574219
1679813826.14121,2150400,2272.53002929687,1210.42004394531
1679813842.76073,2152448,2262.169921875,1191.35241699219
1679813859.79609,2154496,2262.169921875,1190.388671875
1679813874.94967,2156544,2262.169921875,1190.388671875
1679813890.12071,2158592,2262.169921875,1190.15075683594
1679813906.10476,2160640,2268.7900390625,1205.47473144531
1679813921.07438,2162688,2268.7900390625,1205.47473144531
1679813936.18646,2164736,2268.7900390625,1207.26123046875
1679813968.76282,2168832,2284.34008789062,1228.83227539063
1679813985.73854,2170880,2303.18994140625,1257.1083984375
1679814002.41522,2172928,2320.51000976562,1281.52661132813
1679814034.56201,2177024,2340.71997070312,1307.11926269531
1679814050.92177,2179072,2360.96997070312,1333.11950683594
1679814066.90709,2181120,2378.73999023437,1356.63366699219
1679814082.60689,2183168,2378.73999023437,1356.63366699219
1679814098.62762,2185216,2397.73999023437,1381.74047851563
1679814114.98117,2187264,2411.64990234375,1402.5888671875
1679814130.50962,2189312,2411.64990234375,1402.5888671875
1679814146.00771,2191360,2420.18994140625,1419.24438476563
1679814161.01136,2193408,2433.73999023437,1440.0546875
1679814175.49186,2195456,2433.73999023437,1440.0546875
1679814190.62016,2197504,2449.82006835937,1462.46044921875
1679814205.55646,2199552,2461.78002929687,1481.07141113281
1679814220.6439,2201600,2461.78002929687,1481.07141113281
1679814253.15461,2205696,2470.65991210937,1507.09680175781
1679814269.07879,2207744,2470.65991210937,1507.09680175781
1679814286.44579,2209792,2481.93994140625,1525.72399902344
1679814318.57201,2213888,2482.22998046875,1535.373046875
1679814334.66932,2215936,2485.63989257813,1547.91491699219
1679814350.75397,2217984,2485.63989257813,1548.10278320313
1679814367.00341,2220032,2485.63989257813,1548.22302246094
1679814398.96133,2224128,2498.1298828125,1567.77490234375
1679814414.89396,2226176,2513,1589.08764648438
1679814429.49789,2228224,2513,1589.08764648438
1679814444.62412,2230272,2524.80004882812,1608.62707519531
1679814489.86207,2236416,2549.31005859375,1648.23559570313
1679814506.21213,2238464,2549.31005859375,1648.51501464844
1679814522.28524,2240512,2549.31005859375,1648.51501464844
1679814538.77165,2242560,2549.31005859375,1648.21081542969
1679814604.36673,2250752,2549.31005859375,1647.65075683594
1679814636.57399,2254848,2549.31005859375,1647.35522460938
1679814653.25264,2256896,2549.31005859375,1648.60473632813
1679814668.7943,2258944,2549.31005859375,1648.60473632813
1679814685.23786,2260992,2549.31005859375,1649.2998046875
1679814701.13733,2263040,2528.53002929687,1623.59997558594
1679814715.71411,2265088,2528.53002929687,1623.59997558594
1679814730.8789,2267136,2528.53002929687,1623.68823242188
1679814746.7453,2269184,2528.53002929687,1624.20043945313
1679814761.68324,2271232,2528.53002929687,1624.20043945313
1679814778.04476,2273280,2528.53002929687,1624.19494628906
1679814794.53888,2275328,2528.53002929687,1624.34558105469
1679814810.69469,2277376,2528.53002929687,1624.34558105469
1679814827.05989,2279424,2528.53002929687,1625.30456542969
1679814843.35114,2281472,2528.53002929687,1625.57556152344
1679814859.45401,2283520,2528.53002929687,1625.57556152344
1679814892.71797,2287616,2528.53002929687,1626.7822265625
1679814908.72951,2289664,2528.53002929687,1626.7822265625
1679814925.06336,2291712,2528.53002929687,1627.44213867188
1679814941.57295,2293760,2528.53002929687,1628.08239746094
1679814957.79348,2295808,2528.53002929687,1628.08239746094
1679814973.69551,2297856,2528.53002929687,1628.50659179688
1679814988.77492,2299904,2528.53002929687,1628.74621582031
1679815033.99379,2306048,2528.53002929687,1629.9833984375
1679815050.33537,2308096,2528.53002929687,1630.18542480469
1679815066.08245,2310144,2528.53002929687,1630.18542480469
1679815082.44212,2312192,2529.2900390625,1640.43225097656
1679815098.81487,2314240,2532.669921875,1652.80773925781
1679815114.81517,2316288,2532.669921875,1652.80773925781
1679815131.22212,2318336,2532.669921875,1652.67358398438
1679815147.80012,2320384,2532.669921875,1652.68469238281
1679815163.41486,2322432,2532.669921875,1652.68469238281
1679815179.799,2324480,2532.669921875,1652.80419921875
1679815195.97466,2326528,2532.669921875,1653.15454101563
1679815211.67179,2328576,2532.669921875,1653.15454101563
1679815227.71413,2330624,2532.669921875,1653.60913085938
1679815258.55571,2334720,2532.669921875,1654.10485839844
1679815273.72271,2336768,2532.669921875,1654.22485351563
1679815303.3852,2340864,2532.669921875,1654.3759765625
1679815319.80873,2342912,2532.669921875,1654.5859375
1679815352.44072,2347008,2532.669921875,1654.80310058594
1679815369.68042,2349056,2553,1680.30187988281
1679815386.01034,2351104,2572.669921875,1705.55444335938
1679815402.37525,2353152,2591.35009765625,1730.28991699219
1679815418.78143,2355200,2591.35009765625,1730.28991699219
1679815434.92267,2357248,2604.7900390625,1740.9541015625
1679815451.79721,2359296,2625.05004882812,1766.55114746094
1679815468.69571,2361344,2640.40991210938,1778.26086425781
1679815484.72659,2363392,2640.40991210938,1778.26086425781
1679815516.73076,2367488,2680.830078125,1829.32983398438
1679815531.29084,2369536,2680.830078125,1829.32983398438
1679815546.4766,2371584,2686.580078125,1844.05346679688
1679815576.94404,2375680,2710.6201171875,1872.68835449219
1679815592.12073,2377728,2710.6201171875,1872.68835449219
1679815608.91603,2379776,2730.23999023437,1898.11071777344
1679815625.41968,2381824,2748.61010742188,1922.806640625
1679815641.7267,2383872,2748.61010742188,1922.806640625
1679815658.09202,2385920,2765.7099609375,1946.30139160156
1679815675.10094,2387968,2765.7099609375,1947.09130859375
1679815691.31678,2390016,2765.7099609375,1947.09130859375
1679815707.3406,2392064,2775.02001953125,1964.79614257813
1679815723.70431,2394112,2779.6298828125,1978.4853515625
1679815788.53795,2402304,2779.6298828125,1979.10473632813
1679815803.32622,2404352,2779.6298828125,1979.10473632813
1679815818.67831,2406400,2789.3798828125,1997.09729003906
1679815848.6387,2410496,2789.3798828125,1997.66809082031
1679815864.46442,2412544,2799.7900390625,2016.330078125
1679815880.88895,2414592,2801.07006835938,2028.14147949219
1679815896.91524,2416640,2801.07006835938,2028.14147949219
1679815913.39833,2418688,2820.92993164062,2053.78979492187
1679815930.0426,2420736,2837.52001953125,2077.06713867187
1679815946.29011,2422784,2837.52001953125,2077.06713867187
1679815979.39795,2426880,2874.1201171875,2125.7587890625
1679815995.14712,2428928,2874.1201171875,2125.7587890625
1679816011.5246,2430976,2882.14990234375,2142.18896484375
1679816043.95346,2435072,2896.65991210937,2163.54467773438
1679816060.09942,2437120,2914.06005859375,2187.09301757813
1679816075.05651,2439168,2926.580078125,2206.80444335937
1679816089.64376,2441216,2926.580078125,2206.80444335937
1679816120.76008,2445312,2952.56005859375,2246.98681640625
1679816135.93522,2447360,2962.919921875,2264.99609375
1679816151.78926,2449408,2962.919921875,2264.99609375
1679816168.33615,2451456,2962.919921875,2265.27221679687
1679816184.79786,2453504,2962.919921875,2264.92700195312
1679816201.52918,2455552,2962.919921875,2264.92700195312
1679816254.98391,2461696,2764.26000976562,2022.77001953125
1679816271.86056,2463744,2733.05004882812,1977.73742675781
1679816324.9381,2469888,2468.18994140625,1663.6533203125
1679816340.31753,2471936,2457.92993164063,1645.82470703125
1679816356.01484,2473984,2414.86010742187,1591.79943847656
1679816387.1368,2478080,2326.3798828125,1482.33557128906
1679816402.19822,2480128,2326.3798828125,1482.15405273438
1679816418.11323,2482176,2326.3798828125,1482.15405273438
1679816450.73852,2486272,2326.3798828125,1481.51940917969
1679816466.36612,2488320,2326.3798828125,1481.51940917969
1679816482.58343,2490368,2323.7099609375,1468.2080078125
1679816515.37564,2494464,2322.25,1456.87377929688
1679816530.77692,2496512,2322.25,1456.87377929688
1679816547.52735,2498560,2337.76000976562,1469.43151855469
1679816563.97991,2500608,2334.89990234375,1457.7685546875
